thisN,thisTrialN,thisRepN,conditions_practice,ISI_practice,keyPractice.keys,keyPractice.rt,keyPractice.duration,condition,interstim_interval,key_resp.keys,key_resp.rt,key_resp.duration,elementMotionDemo.thisRepN,elementMotionDemo.thisTrialN,elementMotionDemo.thisN,elementMotionDemo.thisIndex,groupMotionDemo.thisRepN,groupMotionDemo.thisTrialN,groupMotionDemo.thisN,groupMotionDemo.thisIndex,practiceLoop.thisRepN,practiceLoop.thisTrialN,practiceLoop.thisN,practiceLoop.thisIndex,blockLoop.thisRepN,blockLoop.thisTrialN,blockLoop.thisN,blockLoop.thisIndex,trialLoop.thisRepN,trialLoop.thisTrialN,trialLoop.thisN,trialLoop.thisIndex,thisRow.t,notes,InstructionScreen.started,textInstructions.started,keyInstructionContinue.started,keyInstructionContinue.keys,keyInstructionContinue.rt,keyInstructionContinue.duration,InstructionScreen.stopped,direction,exampleFrame1.started,ternusExampleLeft.started,ternusExampleMiddle.started,ternusExampleRight.started,FixationCrossExample.started,ternusExampleLeft.stopped,ternusExampleMiddle.stopped,ternusExampleRight.stopped,FixationCrossExample.stopped,exampleFrame1.stopped,exampleFrame2.started,ternusExampleLeft_2.started,ternusExampleMiddle_2.started,ternusExampleRight_2.started,FixationCrossExample_2.started,ternusExampleLeft_2.stopped,ternusExampleMiddle_2.stopped,ternusExampleRight_2.stopped,FixationCrossExample_2.stopped,exampleFrame2.stopped,blank800.started,FixationCrossBlank800.started,blank800.stopped,FixationCrossBlank800.stopped,elementMotionExplained.started,textElementMotion.started,keyElementMotionExplained.started,elementMotionExplained.stopped,keyElementMotionExplained.keys,keyElementMotionExplained.rt,keyElementMotionExplained.duration,blank160.started,FixationCrossBlank160.started,FixationCrossBlank160.stopped,blank160.stopped,groupMotionExplained.started,textGroupMotion.started,keyGroupMotionExplained.started,groupMotionExplained.stopped,keyGroupMotionExplained.keys,keyGroupMotionExplained.rt,keyGroupMotionExplained.duration,causalColor,practiceFrame1.started,ternusObjLeftPrac.started,ternusObjMiddlePrac.started,ternusObjRightPrac.started,FixationCrossPrac.started,portalLeftPrac.started,portalRightPrac.started,BarrierPrac.started,ternusObjLeftPrac.stopped,ternusObjMiddlePrac.stopped,ternusObjRightPrac.stopped,FixationCrossPrac.stopped,portalLeftPrac.stopped,portalRightPrac.stopped,BarrierPrac.stopped,practiceFrame1.stopped,blankISI_Practice.started,FixationCrossBlankPractice.started,FixationCrossBlankPractice.stopped,blankISI_Practice.stopped,practiceFrame2.started,keyPractice.started,ternusObjLeftPrac_2.started,ternusObjMiddlePrac_2.started,ternusObjRightPrac_2.started,FixationCrossPrac_2.started,portalLeftPrac_2.started,portalRightPrac_2.started,BarrierPrac_2.started,ternusObjLeftPrac_2.stopped,ternusObjMiddlePrac_2.stopped,ternusObjRightPrac_2.stopped,portalLeftPrac_2.stopped,portalRightPrac_2.stopped,BarrierPrac_2.stopped,practiceFrame2.stopped,practiceLoop.keyPractice.keys,practiceLoop.keyPractice.rt,practiceLoop.keyPractice.duration,StartScreen.started,textStartMessage.started,keyStart.started,keyStart.keys,keyStart.rt,keyStart.duration,StartScreen.stopped,ternusFrame1.started,ternusObjLeft.started,ternusObjMiddle.started,ternusObjRight.started,FixationCross.started,portalLeft.started,portalRight.started,Barrier.started,ternusObjLeft.stopped,ternusObjMiddle.stopped,ternusObjRight.stopped,FixationCross.stopped,portalLeft.stopped,portalRight.stopped,Barrier.stopped,ternusFrame1.stopped,blankISI.started,FixationCrossBlank.started,FixationCrossBlank.stopped,blankISI.stopped,ternusFrame2.started,key_resp.started,ternusObjLeft_2.started,ternusObjMiddle_2.started,ternusObjRight_2.started,FixationCross_2.started,portalLeft_2.started,portalRight_2.started,Barrier_2.started,ternusObjLeft_2.stopped,ternusObjMiddle_2.stopped,ternusObjRight_2.stopped,portalLeft_2.stopped,portalRight_2.stopped,Barrier_2.stopped,ternusFrame2.stopped,trialLoop.key_resp.keys,trialLoop.key_resp.rt,trialLoop.key_resp.duration,participant,session,date,expName,expVersion,psychopyVersion,frameRate,expStart,
,,,,,,,,,,,,,,,,,,,,,,,,,,,,,,,,,,,0.004260899964720011,0.008030699973460287,0.999523299979046,space,0.671869300014805,None,1.6827248999616131,,,,,,,,,,,,,,,,,,,,,,,,,,,,,,,,,,,,,,,,,,,,,,,,,,,,,,,,,,,,,,,,,,,,,,,,,,,,,,,,,,,,,,,,,,,,,,,,,,,,,,,,,,,,,,,,,,,,,,,,,,,,,,,,,,,001,2026-06-16_20h16.34.728,Teamprojekt,,2025.1.0,86.23841817570244,2026-06-16 20h16.39.256714 +0200,
0,0,0,,,,,,,,,,,0,0,0,0,,,,,,,,,,,,,,,,,1.688519199960865,,,,,,,,,RL,1.6834247999940999,1.688519199960865,1.688519199960865,1.688519199960865,1.688519199960865,1.8879640999948606,1.8879640999948606,1.8879640999948606,1.8879640999948606,1.877156499947887,1.8775673999916762,1.8879640999948606,1.8879640999948606,1.8879640999948606,1.8879640999948606,2.0880738999694586,2.0880738999694586,2.0880738999694586,2.0880738999694586,2.0773674999945797,2.0774128999910317,2.0880738999694586,2.878220699960366,,,,,,,,,,,,,,,,,,,,,,,,,,,,,,,,,,,,,,,,,,,,,,,,,,,,,,,,,,,,,,,,,,,,,,,,,,,,,,,,,,,,,,,,,,,,,,,,,,,,,,,,,,,001,2026-06-16_20h16.34.728,Teamprojekt,,2025.1.0,86.23841817570244,2026-06-16 20h16.39.256714 +0200,
1,0,1,,,,,,,,,,,1,0,1,0,,,,,,,,,,,,,,,,,2.888428099977318,,,,,,,,,RL,2.8787615999463014,2.888428099977318,2.888428099977318,2.888428099977318,2.888428099977318,3.088582399999723,3.088582399999723,3.088582399999723,3.088582399999723,3.0776796999853104,3.0780259000021033,3.088582399999723,3.088582399999723,3.088582399999723,3.088582399999723,3.2883778999675997,3.2883778999675997,3.2883778999675997,3.2883778999675997,3.27809310000157,3.278140699956566,3.2883778999675997,4.076945699984208,4.087887000001501,,,,,,,,,,,,,,,,,,,,,,,,,,,,,,,,,,,,,,,,,,,,,,,,,,,,,,,,,,,,,,,,,,,,,,,,,,,,,,,,,,,,,,,,,,,,,,,,,,,,,,,,,,001,2026-06-16_20h16.34.728,Teamprojekt,,2025.1.0,86.23841817570244,2026-06-16 20h16.39.256714 +0200,
2,0,2,,,,,,,,,,,2,0,2,0,,,,,,,,,,,,,,,,,4.087887000001501,,,,,,,,,RL,4.077563899976667,4.087887000001501,4.087887000001501,4.087887000001501,4.087887000001501,4.287974699982442,4.287974699982442,4.287974699982442,4.287974699982442,4.277422199957073,4.277874299965333,4.287974699982442,4.287974699982442,4.287974699982442,4.287974699982442,4.4882074999623,4.4882074999623,4.4882074999623,4.4882074999623,4.4774510999559425,4.477508099982515,4.4882074999623,5.277659099956509,,,,,,,,,,,,,,,,,,,,,,,,,,,,,,,,,,,,,,,,,,,,,,,,,,,,,,,,,,,,,,,,,,,,,,,,,,,,,,,,,,,,,,,,,,,,,,,,,,,,,,,,,,,001,2026-06-16_20h16.34.728,Teamprojekt,,2025.1.0,86.23841817570244,2026-06-16 20h16.39.256714 +0200,
3,0,3,,,,,,,,,,,3,0,3,0,,,,,,,,,,,,,,,,,5.287752499978524,,,,,,,,,RL,5.278253700002097,5.287752499978524,5.287752499978524,5.287752499978524,5.287752499978524,5.487995599978603,5.487995599978603,5.487995599978603,5.487995599978603,5.477325699990615,5.477809299947694,5.487995599978603,5.487995599978603,5.487995599978603,5.487995599978603,5.687821599945892,5.687821599945892,5.687821599945892,5.687821599945892,5.677451999974437,5.677485199994408,5.687821599945892,6.477803399960976,,,,,,,,,,,,,,,,,,,,,,,,,,,,,,,,,,,,,,,,,,,,,,,,,,,,,,,,,,,,,,,,,,,,,,,,,,,,,,,,,,,,,,,,,,,,,,,,,,,,,,,,,,,001,2026-06-16_20h16.34.728,Teamprojekt,,2025.1.0,86.23841817570244,2026-06-16 20h16.39.256714 +0200,
,,,,,,,,,,,,,,,,,,,,,,,,,,,,,,,,,,,,,,,,,,,,,,,,,,,,,,,,,,,,,,,,,,,6.477916699950583,6.487852999998722,6.97766719997162,7.210291499970481,space,0.2238243999890983,None,,,,,,,,,,,,,,,,,,,,,,,,,,,,,,,,,,,,,,,,,,,,,,,,,,,,,,,,,,,,,,,,,,,,,,,,,,,,,,,,,,,,,,,,,,,,,,,,,,,001,2026-06-16_20h16.34.728,Teamprojekt,,2025.1.0,86.23841817570244,2026-06-16 20h16.39.256714 +0200,
0,0,0,,,,,,,,,,,,,,,0,0,0,0,,,,,,,,,,,,,7.222242299991194,,,,,,,,,LR,7.210998999944422,7.222242299991194,7.222242299991194,7.222242299991194,7.222242299991194,7.421132599993143,7.421132599993143,7.421132599993143,7.421132599993143,7.410572899971157,7.566026299959049,7.577508199959993,7.577508199959993,7.577508199959993,7.577508199959993,7.776710799953435,7.776710799953435,7.776710799953435,7.776710799953435,7.767456899979152,7.7675065999501385,7.776710799953435,8.565720699960366,8.577841599995736,,,,,,,,7.410602799966,7.421132599993143,7.577508199959993,7.565670599986333,,,,,,,,,,,,,,,,,,,,,,,,,,,,,,,,,,,,,,,,,,,,,,,,,,,,,,,,,,,,,,,,,,,,,,,,,,,,,,,,,,,,,,,,,,,,,,,001,2026-06-16_20h16.34.728,Teamprojekt,,2025.1.0,86.23841817570244,2026-06-16 20h16.39.256714 +0200,
1,0,1,,,,,,,,,,,,,,,1,0,1,0,,,,,,,,,,,,,8.577841599995736,,,,,,,,,RL,8.56623379996745,8.577841599995736,8.577841599995736,8.577841599995736,8.577841599995736,8.777035499981139,8.777035499981139,8.777035499981139,8.777035499981139,8.766669099975843,8.923446499975398,8.93324569996912,8.93324569996912,8.93324569996912,8.93324569996912,9.132953699969221,9.132953699969221,9.132953699969221,9.132953699969221,9.123312299954705,9.123366499959957,9.132953699969221,9.921764399972744,9.9325740999775,,,,,,,,8.766725499997847,8.777035499981139,8.93324569996912,8.922640699951444,,,,,,,,,,,,,,,,,,,,,,,,,,,,,,,,,,,,,,,,,,,,,,,,,,,,,,,,,,,,,,,,,,,,,,,,,,,,,,,,,,,,,,,,,,,,,,,001,2026-06-16_20h16.34.728,Teamprojekt,,2025.1.0,86.23841817570244,2026-06-16 20h16.39.256714 +0200,
2,0,2,,,,,,,,,,,,,,,2,0,2,0,,,,,,,,,,,,,9.9325740999775,,,,,,,,,LR,9.922290699963924,9.9325740999775,9.9325740999775,9.9325740999775,9.9325740999775,10.132158199965488,10.132158199965488,10.132158199965488,10.132158199965488,10.122700999956578,10.277986999950372,10.288567499956116,10.288567499956116,10.288567499956116,10.288567499956116,10.487599199987017,10.487599199987017,10.487599199987017,10.487599199987017,10.476704199973028,10.476738299999852,10.487599199987017,11.276907399995252,11.287515899981372,,,,,,,,10.122766299988143,10.132158199965488,10.288567499956116,10.277624899987131,,,,,,,,,,,,,,,,,,,,,,,,,,,,,,,,,,,,,,,,,,,,,,,,,,,,,,,,,,,,,,,,,,,,,,,,,,,,,,,,,,,,,,,,,,,,,,,001,2026-06-16_20h16.34.728,Teamprojekt,,2025.1.0,86.23841817570244,2026-06-16 20h16.39.256714 +0200,
3,0,3,,,,,,,,,,,,,,,3,0,3,0,,,,,,,,,,,,,11.287515899981372,,,,,,,,,RL,11.277490999957081,11.287515899981372,11.287515899981372,11.287515899981372,11.287515899981372,11.487486199999694,11.487486199999694,11.487486199999694,11.487486199999694,11.47661589999916,11.632641699980013,11.6430621999898,11.6430621999898,11.6430621999898,11.6430621999898,11.843791699968278,11.843791699968278,11.843791699968278,11.843791699968278,11.833289599977434,11.83332369994605,11.843791699968278,12.632601199962664,12.64339799998561,,,,,,,,11.476648299954832,11.487486199999694,11.6430621999898,11.632068599981721,,,,,,,,,,,,,,,,,,,,,,,,,,,,,,,,,,,,,,,,,,,,,,,,,,,,,,,,,,,,,,,,,,,,,,,,,,,,,,,,,,,,,,,,,,,,,,,001,2026-06-16_20h16.34.728,Teamprojekt,,2025.1.0,86.23841817570244,2026-06-16 20h16.39.256714 +0200,
,,,,,,,,,,,,,,,,,,,,,,,,,,,,,,,,,,,,,,,,,,,,,,,,,,,,,,,,,,,,,,,,,,,,,,,,,,,,,,12.63269689999288,12.64339799998561,13.133133199997246,13.82166249997681,space,0.6870147000299767,None,,,,,,,,,,,,,,,,,,,,,,,,,,,,,,,,,,,,,,,,,,,,,,,,,,,,,,,,,,,,,,,,,,,,,,,,,,,,,,,,,,,,,,,,001,2026-06-16_20h16.34.728,Teamprojekt,,2025.1.0,86.23841817570244,2026-06-16 20h16.39.256714 +0200,
0,0,0,Portal,0,f,2.1882545999833383,None,,,,,,,,,,,,,,0,0,0,0,,,,,,,,,13.83821719995467,,,,,,,,,,,,,,,,,,,,,,,,,,,,,,16.222040899971034,16.231601499952376,17.022204099979717,17.031634799961466,,,,,,,,,,,,,,,,,,,#4DAF4A,13.83179799997015,13.83821719995467,13.83821719995467,13.83821719995467,13.83821719995467,13.83821719995467,13.83821719995467,13.83821719995467,14.031677799997851,14.031677799997851,14.031677799997851,14.031677799997851,14.031677799997851,14.031677799997851,14.031677799997851,14.0220158000011,14.022050499974284,14.031677799997851,14.031677799997851,14.022317999973893,14.025610099954065,14.031677799997851,14.031677799997851,14.031677799997851,14.031677799997851,14.031677799997851,14.031677799997851,14.031677799997851,14.031677799997851,14.23267069994472,14.23267069994472,14.23267069994472,14.23267069994472,14.23267069994472,14.23267069994472,16.22193529998185,f,2.1882545999833383,None,,,,,,,,,,,,,,,,,,,,,,,,,,,,,,,,,,,,,,,,,,,,,,,,001,2026-06-16_20h16.34.728,Teamprojekt,,2025.1.0,86.23841817570244,2026-06-16 20h16.39.256714 +0200,
1,1,0,Standard,0.08,j,1.8232613999862224,None,,,,,,,,,,,,,,0,1,1,10,,,,,,,,,17.031634799961466,,,,,,,,,,,,,,,,,,,,,,,,,,,,,,19.14307229995029,19.154701499966905,19.943811499979347,,,,,,,,,,,,,,,,,,,,#984EA3,17.025566799973603,17.031634799961466,17.031634799961466,17.031634799961466,17.031634799961466,17.031634799961466,17.031634799961466,17.031634799961466,17.231519199965987,17.231519199965987,17.231519199965987,17.231519199965987,17.231519199965987,17.231519199965987,17.231519199965987,17.2218621999491,17.221911299973726,17.231519199965987,17.309267599950545,17.298688799957745,17.30138469999656,17.309267599950545,17.309267599950545,17.309267599950545,17.309267599950545,17.309267599950545,17.309267599950545,17.309267599950545,17.309267599950545,17.509917699964717,17.509917699964717,17.509917699964717,17.509917699964717,17.509917699964717,17.509917699964717,19.14300679997541,j,1.8232613999862224,None,,,,,,,,,,,,,,,,,,,,,,,,,,,,,,,,,,,,,,,,,,,,,,,,001,2026-06-16_20h16.34.728,Teamprojekt,,2025.1.0,86.23841817570244,2026-06-16 20h16.39.256714 +0200,
2,2,0,Barrier,0.02,j,2.3282056999742053,None,,,,,,,,,,,,,,0,2,2,5,,,,,,,,,19.953967899957206,,,,,,,,,,,,,,,,,,,,,,,,,,,,,,22.510588599951006,22.520341800001916,23.310288799984846,23.32011169998441,,,,,,,,,,,,,,,,,,,#E41A1C,19.94699759996729,19.953967899957206,19.953967899957206,19.953967899957206,19.953967899957206,19.953967899957206,19.953967899957206,19.953967899957206,20.154645399947185,20.154645399947185,20.154645399947185,20.154645399947185,20.154645399947185,20.154645399947185,20.154645399947185,20.143021199968643,20.143067999975756,20.154645399947185,20.175838999974076,20.165951299946755,20.16952539997874,20.175838999974076,20.175838999974076,20.175838999974076,20.175838999974076,20.175838999974076,20.175838999974076,20.175838999974076,20.175838999974076,20.377092299982905,20.377092299982905,20.377092299982905,20.377092299982905,20.377092299982905,20.377092299982905,22.51049079996301,j,2.3282056999742053,None,,,,,,,,,,,,,,,,,,,,,,,,,,,,,,,,,,,,,,,,,,,,,,,,001,2026-06-16_20h16.34.728,Teamprojekt,,2025.1.0,86.23841817570244,2026-06-16 20h16.39.256714 +0200,
3,3,0,Standard,0,f,0.9814514000318013,None,,,,,,,,,,,,,,0,3,3,8,,,,,,,,,23.32011169998441,,,,,,,,,,,,,,,,,,,,,,,,,,,,,,24.509740299952682,24.520980299974326,25.30909159994917,25.32003809994785,,,,,,,,,,,,,,,,,,,#FF7F00,23.313484099984635,23.32011169998441,23.32011169998441,23.32011169998441,23.32011169998441,23.32011169998441,23.32011169998441,23.32011169998441,23.52052649995312,23.52052649995312,23.52052649995312,23.52052649995312,23.52052649995312,23.52052649995312,23.52052649995312,23.509734299965203,23.509795899968594,23.52052649995312,23.52052649995312,23.50999489997048,23.51288219995331,23.52052649995312,23.52052649995312,23.52052649995312,23.52052649995312,23.52052649995312,23.52052649995312,23.52052649995312,23.52052649995312,23.721122799965087,23.721122799965087,23.721122799965087,23.721122799965087,23.721122799965087,23.721122799965087,24.5096509999712,f,0.9814514000318013,None,,,,,,,,,,,,,,,,,,,,,,,,,,,,,,,,,,,,,,,,,,,,,,,,001,2026-06-16_20h16.34.728,Teamprojekt,,2025.1.0,86.23841817570244,2026-06-16 20h16.39.256714 +0200,
4,4,0,Portal,0.16,j,0.973609300039243,None,,,,,,,,,,,,,,0,4,4,3,,,,,,,,,25.32003809994785,,,,,,,,,,,,,,,,,,,,,,,,,,,,,,26.65386589994887,26.664428199990653,27.45449739997275,,,,,,,,,,,,,,,,,,,,#377EB8,25.31198159995256,25.32003809994785,25.32003809994785,25.32003809994785,25.32003809994785,25.32003809994785,25.32003809994785,25.32003809994785,25.521084799955133,25.521084799955133,25.521084799955133,25.521084799955133,25.521084799955133,25.521084799955133,25.521084799955133,25.51004359999206,25.51009289996,25.521084799955133,25.67578169994522,25.665664099971764,25.66903969994746,25.67578169994522,25.67578169994522,25.67578169994522,25.67578169994522,25.67578169994522,25.67578169994522,25.67578169994522,25.67578169994522,25.875708499981556,25.875708499981556,25.875708499981556,25.875708499981556,25.875708499981556,25.875708499981556,26.653803499997593,j,0.973609300039243,None,,,,,,,,,,,,,,,,,,,,,,,,,,,,,,,,,,,,,,,,,,,,,,,,001,2026-06-16_20h16.34.728,Teamprojekt,,2025.1.0,86.23841817570244,2026-06-16 20h16.39.256714 +0200,
5,5,0,Barrier,0.16,j,0.6982908000354655,None,,,,,,,,,,,,,,0,5,5,7,,,,,,,,,27.464433799963444,,,,,,,,,,,,,,,,,,,,,,,,,,,,,,28.52101779996883,28.531157199991867,29.31999419996282,29.33204680000199,,,,,,,,,,,,,,,,,,,#F781BF,27.457609299977776,27.464433799963444,27.464433799963444,27.464433799963444,27.464433799963444,27.464433799963444,27.464433799963444,27.464433799963444,27.665316400001757,27.665316400001757,27.665316400001757,27.665316400001757,27.665316400001757,27.665316400001757,27.665316400001757,27.65472959994804,27.65479039994534,27.665316400001757,27.82081099995412,27.808971099962946,27.812415899999905,27.82081099995412,27.82081099995412,27.82081099995412,27.82081099995412,27.82081099995412,27.82081099995412,27.82081099995412,27.82081099995412,28.020060499955434,28.020060499955434,28.020060499955434,28.020060499955434,28.020060499955434,28.020060499955434,28.520897199981846,j,0.6982908000354655,None,,,,,,,,,,,,,,,,,,,,,,,,,,,,,,,,,,,,,,,,,,,,,,,,001,2026-06-16_20h16.34.728,Teamprojekt,,2025.1.0,86.23841817570244,2026-06-16 20h16.39.256714 +0200,
6,6,0,Portal,0.08,f,0.6214835999999195,None,,,,,,,,,,,,,,0,6,6,2,,,,,,,,,29.33204680000199,,,,,,,,,,,,,,,,,,,,,,,,,,,,,,30.24309959996026,30.25363919994561,31.043122999952175,31.05303469998762,,,,,,,,,,,,,,,,,,,#E41A1C,29.323710999975447,29.33204680000199,29.33204680000199,29.33204680000199,29.33204680000199,29.33204680000199,29.33204680000199,29.33204680000199,29.530932099965867,29.530932099965867,29.530932099965867,29.530932099965867,29.530932099965867,29.530932099965867,29.530932099965867,29.521086399967317,29.521121400000993,29.530932099965867,29.609837499971036,29.598478199972305,29.602096099988557,29.609837499971036,29.609837499971036,29.609837499971036,29.609837499971036,29.609837499971036,29.609837499971036,29.609837499971036,29.609837499971036,29.809633500000928,29.809633500000928,29.809633500000928,29.809633500000928,29.809633500000928,29.809633500000928,30.243034599989187,f,0.6214835999999195,None,,,,,,,,,,,,,,,,,,,,,,,,,,,,,,,,,,,,,,,,,,,,,,,,001,2026-06-16_20h16.34.728,Teamprojekt,,2025.1.0,86.23841817570244,2026-06-16 20h16.39.256714 +0200,
7,7,0,Standard,0.02,j,0.5574351000250317,None,,,,,,,,,,,,,,0,7,7,9,,,,,,,,,31.05303469998762,,,,,,,,,,,,,,,,,,,,,,,,,,,,,,31.843495699984487,31.853980199957732,32.642758999951184,32.65293359995121,,,,,,,,,,,,,,,,,,,#1B9E77,31.04609639995033,31.05303469998762,31.05303469998762,31.05303469998762,31.05303469998762,31.05303469998762,31.05303469998762,31.05303469998762,31.254140099976212,31.254140099976212,31.254140099976212,31.254140099976212,31.254140099976212,31.254140099976212,31.254140099976212,31.24233609996736,31.242372699955013,31.254140099976212,31.27525099995546,31.264415899990126,31.267129499989096,31.27525099995546,31.27525099995546,31.27525099995546,31.27525099995546,31.27525099995546,31.27525099995546,31.27525099995546,31.27525099995546,31.476119999948423,31.476119999948423,31.476119999948423,31.476119999948423,31.476119999948423,31.476119999948423,31.843428699998185,j,0.5574351000250317,None,,,,,,,,,,,,,,,,,,,,,,,,,,,,,,,,,,,,,,,,,,,,,,,,001,2026-06-16_20h16.34.728,Teamprojekt,,2025.1.0,86.23841817570244,2026-06-16 20h16.39.256714 +0200,
8,8,0,Portal,0.02,f,0.597021900000982,None,,,,,,,,,,,,,,0,8,8,1,,,,,,,,,32.65293359995121,,,,,,,,,,,,,,,,,,,,,,,,,,,,,,33.47690029995283,33.4872690999764,34.27642049995484,34.28691289998824,,,,,,,,,,,,,,,,,,,#FF7F00,32.64581859996542,32.65293359995121,32.65293359995121,32.65293359995121,32.65293359995121,32.65293359995121,32.65293359995121,32.65293359995121,32.85385600000154,32.85385600000154,32.85385600000154,32.85385600000154,32.85385600000154,32.85385600000154,32.85385600000154,32.843145499995444,32.84319289994892,32.85385600000154,32.876228699984495,32.865285699954256,32.86967589997221,32.876228699984495,32.876228699984495,32.876228699984495,32.876228699984495,32.876228699984495,32.876228699984495,32.876228699984495,32.876228699984495,33.075977200001944,33.075977200001944,33.075977200001944,33.075977200001944,33.075977200001944,33.075977200001944,33.476799399999436,f,0.597021900000982,None,,,,,,,,,,,,,,,,,,,,,,,,,,,,,,,,,,,,,,,,,,,,,,,,001,2026-06-16_20h16.34.728,Teamprojekt,,2025.1.0,86.23841817570244,2026-06-16 20h16.39.256714 +0200,
9,9,0,Standard,0.16,j,0.42274010000983253,None,,,,,,,,,,,,,,0,9,9,11,,,,,,,,,34.28691289998824,,,,,,,,,,,,,,,,,,,,,,,,,,,,,,35.07679089996964,35.08642349997535,35.876242199970875,35.88622819999,,,,,,,,,,,,,,,,,,,#4DAF4A,34.280285999993794,34.28691289998824,34.28691289998824,34.28691289998824,34.28691289998824,34.28691289998824,34.28691289998824,34.28691289998824,34.48713969998062,34.48713969998062,34.48713969998062,34.48713969998062,34.48713969998062,34.48713969998062,34.48713969998062,34.47645649994956,34.47650589997647,34.48713969998062,34.645401799993124,34.63277539995033,34.637536700000055,34.645401799993124,34.645401799993124,34.645401799993124,34.645401799993124,34.645401799993124,34.645401799993124,34.645401799993124,34.645401799993124,34.842882599972654,34.842882599972654,34.842882599972654,34.842882599972654,34.842882599972654,34.842882599972654,35.07669499999611,j,0.42274010000983253,None,,,,,,,,,,,,,,,,,,,,,,,,,,,,,,,,,,,,,,,,,,,,,,,,001,2026-06-16_20h16.34.728,Teamprojekt,,2025.1.0,86.23841817570244,2026-06-16 20h16.39.256714 +0200,
10,10,0,Barrier,0.08,f,0.6716259000240825,None,,,,,,,,,,,,,,0,10,10,6,,,,,,,,,35.88622819999,,,,,,,,,,,,,,,,,,,,,,,,,,,,,,36.84324019995984,36.853446599969175,37.64293739997083,37.65369599999394,,,,,,,,,,,,,,,,,,,#4DAF4A,35.87901429994963,35.88622819999,35.88622819999,35.88622819999,35.88622819999,35.88622819999,35.88622819999,35.88622819999,36.086820299969986,36.086820299969986,36.086820299969986,36.086820299969986,36.086820299969986,36.086820299969986,36.086820299969986,36.076031799952034,36.07606789999409,36.086820299969986,36.16814159997739,36.153048699954525,36.15792789997067,36.16814159997739,36.16814159997739,36.16814159997739,36.16814159997739,36.16814159997739,36.16814159997739,36.16814159997739,36.16814159997739,36.36487119999947,36.36487119999947,36.36487119999947,36.36487119999947,36.36487119999947,36.36487119999947,36.8431156000006,f,0.6716259000240825,None,,,,,,,,,,,,,,,,,,,,,,,,,,,,,,,,,,,,,,,,,,,,,,,,001,2026-06-16_20h16.34.728,Teamprojekt,,2025.1.0,86.23841817570244,2026-06-16 20h16.39.256714 +0200,
11,11,0,Barrier,0,j,0.2813229000312276,None,,,,,,,,,,,,,,0,11,11,4,,,,,,,,,37.65369599999394,,,,,,,,,,,,,,,,,,,,,,,,,,,,,,38.14305059995968,38.153694699984044,38.94275429996196,38.952766999951564,,,,,,,,,,,,,,,,,,,#E41A1C,37.6463267999934,37.65369599999394,37.65369599999394,37.65369599999394,37.65369599999394,37.65369599999394,37.65369599999394,37.65369599999394,37.852760199981276,37.852760199981276,37.852760199981276,37.852760199981276,37.852760199981276,37.852760199981276,37.852760199981276,37.84218959999271,37.84222619998036,37.852760199981276,37.852760199981276,37.84232189995237,37.845380699960515,37.852760199981276,37.852760199981276,37.852760199981276,37.852760199981276,37.852760199981276,37.852760199981276,37.852760199981276,37.852760199981276,38.05364009999903,38.05364009999903,38.05364009999903,38.05364009999903,38.05364009999903,38.05364009999903,38.14295899996068,j,0.2813229000312276,None,,,,,,,,,,,,,,,,,,,,,,,,,,,,,,,,,,,,,,,,,,,,,,,,001,2026-06-16_20h16.34.728,Teamprojekt,,2025.1.0,86.23841817570244,2026-06-16 20h16.39.256714 +0200,
,,,,,,,,,,,,,,,,,,,,,,,,,,,,,,,,,,,,,,,,,,,,,,,,,,,,,,,,,,,,,,,,,,,,,,,,,,,,,,,,,,,,,,,,,,,,,,,,,,,,,,,,,,,,,,,,,,,,,,,,,,,,,38.94289459998254,38.952766999951564,39.44152459996985,space,1.0069255999987945,None,40.45410199998878,,,,,,,,,,,,,,,,,,,,,,,,,,,,,,,,,,,,,,,,,001,2026-06-16_20h16.34.728,Teamprojekt,,2025.1.0,86.23841817570244,2026-06-16 20h16.39.256714 +0200,
0,0,0,,,,,,Standard,0,f,0.8830784999881871,None,,,,,,,,,,,,,0,0,0,0,0,0,0,12,40.470657099969685,,,,,,,,,RL,,,,,,,,,,,,,,,,,,,,,41.554237699951045,41.56426969997119,42.35425119998399,42.36452329996973,,,,,,,,,,,,,,,,,,,#E41A1C,,,,,,,,,,,,,,,,,,,,,,,,,,,,,,,,,,,,,,,,,,,,,,,40.46348339994438,40.470657099969685,40.470657099969685,40.470657099969685,40.470657099969685,40.470657099969685,40.470657099969685,40.470657099969685,40.66474069998367,40.66474069998367,40.66474069998367,40.66474069998367,40.66474069998367,40.66474069998367,40.66474069998367,40.654000799986534,40.65405539999483,40.66474069998367,40.66474069998367,40.654177299991716,40.65746149996994,40.66474069998367,40.66474069998367,40.66474069998367,40.66474069998367,40.66474069998367,40.66474069998367,40.66474069998367,40.66474069998367,40.86419069999829,40.86419069999829,40.86419069999829,40.86419069999829,40.86419069999829,40.86419069999829,41.55413189996034,f,0.8830784999881871,None,,001,2026-06-16_20h16.34.728,Teamprojekt,,2025.1.0,86.23841817570244,2026-06-16 20h16.39.256714 +0200,
1,1,0,,,,,,Portal,0.08,j,1.8083199999528006,None,,,,,,,,,,,,,0,0,0,0,0,1,1,4,42.36452329996973,,,,,,,,,RL,,,,,,,,,,,,,,,,,,,,,44.4539065999561,44.463476299948525,45.252526799973566,45.26342959998874,,,,,,,,,,,,,,,,,,,#FF7F00,,,,,,,,,,,,,,,,,,,,,,,,,,,,,,,,,,,,,,,,,,,,,,,42.35806389997015,42.36452329996973,42.36452329996973,42.36452329996973,42.36452329996973,42.36452329996973,42.36452329996973,42.36452329996973,42.564319400000386,42.564319400000386,42.564319400000386,42.564319400000386,42.564319400000386,42.564319400000386,42.564319400000386,42.55267029994866,42.552703899971675,42.564319400000386,42.641830099979416,42.631545699958224,42.63469899998745,42.641830099979416,42.641830099979416,42.641830099979416,42.641830099979416,42.641830099979416,42.641830099979416,42.641830099979416,42.641830099979416,42.842318499984685,42.842318499984685,42.842318499984685,42.842318499984685,42.842318499984685,42.842318499984685,44.453806999954395,j,1.8083199999528006,None,,001,2026-06-16_20h16.34.728,Teamprojekt,,2025.1.0,86.23841817570244,2026-06-16 20h16.39.256714 +0200,
2,2,0,,,,,,Barrier,0.16,f,1.9082039999775589,None,,,,,,,,,,,,,0,0,0,0,0,2,2,11,45.26342959998874,,,,,,,,,RL,,,,,,,,,,,,,,,,,,,,,47.530920599994715,47.54134629998589,48.33355569996638,,,,,,,,,,,,,,,,,,,,#984EA3,,,,,,,,,,,,,,,,,,,,,,,,,,,,,,,,,,,,,,,,,,,,,,,45.25516239996068,45.26342959998874,45.26342959998874,45.26342959998874,45.26342959998874,45.26342959998874,45.26342959998874,45.26342959998874,45.46446069999365,45.46446069999365,45.46446069999365,45.46446069999365,45.46446069999365,45.46446069999365,45.46446069999365,45.45364339998923,45.45371009997325,45.46446069999365,45.61906269995961,45.608214299951214,45.61196699994616,45.61906269995961,45.61906269995961,45.61906269995961,45.61906269995961,45.61906269995961,45.61906269995961,45.61906269995961,45.61906269995961,45.820534999947995,45.820534999947995,45.820534999947995,45.820534999947995,45.820534999947995,45.820534999947995,47.530843499989714,f,1.9082039999775589,None,,001,2026-06-16_20h16.34.728,Teamprojekt,,2025.1.0,86.23841817570244,2026-06-16 20h16.39.256714 +0200,
3,3,0,,,,,,Barrier,0,j,0.7664769000257365,None,,,,,,,,,,,,,0,0,0,0,0,3,3,6,48.34126359998481,,,,,,,,,RL,,,,,,,,,,,,,,,,,,,,,49.308555600000545,49.32021929998882,50.10877429996617,,,,,,,,,,,,,,,,,,,,#F781BF,,,,,,,,,,,,,,,,,,,,,,,,,,,,,,,,,,,,,,,,,,,,,,,48.3364608999691,48.34126359998481,48.34126359998481,48.34126359998481,48.34126359998481,48.34126359998481,48.34126359998481,48.34126359998481,48.541086599987466,48.541086599987466,48.541086599987466,48.541086599987466,48.541086599987466,48.541086599987466,48.541086599987466,48.53081069997279,48.53084629995283,48.541086599987466,48.541086599987466,48.53094809997128,48.53375889995368,48.541086599987466,48.541086599987466,48.541086599987466,48.541086599987466,48.541086599987466,48.541086599987466,48.541086599987466,48.541086599987466,48.741970199975185,48.741970199975185,48.741970199975185,48.741970199975185,48.741970199975185,48.741970199975185,49.30845699994825,j,0.7664769000257365,None,,001,2026-06-16_20h16.34.728,Teamprojekt,,2025.1.0,86.23841817570244,2026-06-16 20h16.39.256714 +0200,
4,4,0,,,,,,Standard,0.08,f,0.663401999976486,None,,,,,,,,,,,,,0,0,0,0,0,4,4,16,50.11871849995805,,,,,,,,,RL,,,,,,,,,,,,,,,,,,,,,51.06448719999753,51.07509929995285,51.864446499967016,51.874231199966744,,,,,,,,,,,,,,,,,,,#984EA3,,,,,,,,,,,,,,,,,,,,,,,,,,,,,,,,,,,,,,,,,,,,,,,50.1125756999827,50.11871849995805,50.11871849995805,50.11871849995805,50.11871849995805,50.11871849995805,50.11871849995805,50.11871849995805,50.31975489994511,50.31975489994511,50.31975489994511,50.31975489994511,50.31975489994511,50.31975489994511,50.31975489994511,50.30901869997615,50.3090653999825,50.31975489994511,50.398738399962895,50.3871326999506,50.390308999980334,50.398738399962895,50.398738399962895,50.398738399962895,50.398738399962895,50.398738399962895,50.398738399962895,50.398738399962895,50.398738399962895,50.5974771999754,50.5974771999754,50.5974771999754,50.5974771999754,50.5974771999754,50.5974771999754,51.064416499983054,f,0.663401999976486,None,,001,2026-06-16_20h16.34.728,Teamprojekt,,2025.1.0,86.23841817570244,2026-06-16 20h16.39.256714 +0200,
5,5,0,,,,,,Standard,0.02,f,0.58347849996062,None,,,,,,,,,,,,,0,0,0,0,0,5,5,14,51.874231199966744,,,,,,,,,RL,,,,,,,,,,,,,,,,,,,,,52.687324499944225,52.69644299999345,53.48639219999313,53.497381199966185,,,,,,,,,,,,,,,,,,,#4DAF4A,,,,,,,,,,,,,,,,,,,,,,,,,,,,,,,,,,,,,,,,,,,,,,,51.86777459998848,51.874231199966744,51.874231199966744,51.874231199966744,51.874231199966744,51.874231199966744,51.874231199966744,51.874231199966744,52.07432069996139,52.07432069996139,52.07432069996139,52.07432069996139,52.07432069996139,52.07432069996139,52.07432069996139,52.06478229997447,52.0648362999782,52.07432069996139,52.097897799976636,52.08695319999242,52.09053579997271,52.097897799976636,52.097897799976636,52.097897799976636,52.097897799976636,52.097897799976636,52.097897799976636,52.097897799976636,52.097897799976636,52.297617099946365,52.297617099946365,52.297617099946365,52.297617099946365,52.297617099946365,52.297617099946365,52.68719129997771,f,0.58347849996062,None,,001,2026-06-16_20h16.34.728,Teamprojekt,,2025.1.0,86.23841817570244,2026-06-16 20h16.39.256714 +0200,
6,6,0,,,,,,Portal,0.16,f,0.7295978000038303,None,,,,,,,,,,,,,0,0,0,0,0,6,6,5,53.497381199966185,,,,,,,,,RL,,,,,,,,,,,,,,,,,,,,,54.58661259996006,54.596289499953855,55.385506799968425,55.39631839998765,,,,,,,,,,,,,,,,,,,#1B9E77,,,,,,,,,,,,,,,,,,,,,,,,,,,,,,,,,,,,,,,,,,,,,,,53.49032599997008,53.497381199966185,53.497381199966185,53.497381199966185,53.497381199966185,53.497381199966185,53.497381199966185,53.497381199966185,53.69726909999736,53.69726909999736,53.69726909999736,53.69726909999736,53.69726909999736,53.69726909999736,53.69726909999736,53.686433999973815,53.68648379994556,53.69726909999736,53.85222269996302,53.84125369996764,53.84477819997119,53.85222269996302,53.85222269996302,53.85222269996302,53.85222269996302,53.85222269996302,53.85222269996302,53.85222269996302,53.85222269996302,54.05304739996791,54.05304739996791,54.05304739996791,54.05304739996791,54.05304739996791,54.05304739996791,54.58651509997435,f,0.7295978000038303,None,,001,2026-06-16_20h16.34.728,Teamprojekt,,2025.1.0,86.23841817570244,2026-06-16 20h16.39.256714 +0200,
7,7,0,,,,,,Portal,0.02,f,0.596750000026077,None,,,,,,,,,,,,,0,0,0,0,0,7,7,2,55.39631839998765,,,,,,,,,RL,,,,,,,,,,,,,,,,,,,,,56.22094959998503,56.2297812999459,57.01968949998263,57.02978909999365,,,,,,,,,,,,,,,,,,,#A65628,,,,,,,,,,,,,,,,,,,,,,,,,,,,,,,,,,,,,,,,,,,,,,,55.38844559999416,55.39631839998765,55.39631839998765,55.39631839998765,55.39631839998765,55.39631839998765,55.39631839998765,55.39631839998765,55.59621619997779,55.59621619997779,55.59621619997779,55.59621619997779,55.59621619997779,55.59621619997779,55.59621619997779,55.58640549995471,55.58645319996867,55.59621619997779,55.61865039996337,55.60852499998873,55.61183639999945,55.61865039996337,55.61865039996337,55.61865039996337,55.61865039996337,55.61865039996337,55.61865039996337,55.61865039996337,55.61865039996337,55.81895489996532,55.81895489996532,55.81895489996532,55.81895489996532,55.81895489996532,55.81895489996532,56.220816599961836,f,0.596750000026077,None,,001,2026-06-16_20h16.34.728,Teamprojekt,,2025.1.0,86.23841817570244,2026-06-16 20h16.39.256714 +0200,
8,8,0,,,,,,Standard,0.16,f,0.40188810002291575,None,,,,,,,,,,,,,0,0,0,0,0,8,8,17,57.02978909999365,,,,,,,,,RL,,,,,,,,,,,,,,,,,,,,,57.79763709998224,57.807765599980485,58.59632499999134,58.60779299994465,,,,,,,,,,,,,,,,,,,#A65628,,,,,,,,,,,,,,,,,,,,,,,,,,,,,,,,,,,,,,,,,,,,,,,57.022829599969555,57.02978909999365,57.02978909999365,57.02978909999365,57.02978909999365,57.02978909999365,57.02978909999365,57.02978909999365,57.23048149998067,57.23048149998067,57.23048149998067,57.23048149998067,57.23048149998067,57.23048149998067,57.23048149998067,57.21966969995992,57.219718599983025,57.23048149998067,57.38613199995598,57.37540329998592,57.37874559999909,57.38613199995598,57.38613199995598,57.38613199995598,57.38613199995598,57.38613199995598,57.38613199995598,57.38613199995598,57.38613199995598,57.58537919999799,57.58537919999799,57.58537919999799,57.58537919999799,57.58537919999799,57.58537919999799,57.79753519996302,f,0.40188810002291575,None,,001,2026-06-16_20h16.34.728,Teamprojekt,,2025.1.0,86.23841817570244,2026-06-16 20h16.39.256714 +0200,
9,9,0,,,,,,Portal,0,f,0.4191982999909669,None,,,,,,,,,,,,,0,0,0,0,0,9,9,0,58.60779299994465,,,,,,,,,RL,,,,,,,,,,,,,,,,,,,,,59.23059569997713,59.24047409999184,60.02966020000167,60.04043609998189,,,,,,,,,,,,,,,,,,,#4DAF4A,,,,,,,,,,,,,,,,,,,,,,,,,,,,,,,,,,,,,,,,,,,,,,,58.600306599983014,58.60779299994465,58.60779299994465,58.60779299994465,58.60779299994465,58.60779299994465,58.60779299994465,58.60779299994465,58.807221599970944,58.807221599970944,58.807221599970944,58.807221599970944,58.807221599970944,58.807221599970944,58.807221599970944,58.796485999948345,58.79653799999505,58.807221599970944,58.807221599970944,58.79668259999016,58.79953859996749,58.807221599970944,58.807221599970944,58.807221599970944,58.807221599970944,58.807221599970944,58.807221599970944,58.807221599970944,58.807221599970944,59.007651299994905,59.007651299994905,59.007651299994905,59.007651299994905,59.007651299994905,59.007651299994905,59.23052379995352,f,0.4191982999909669,None,,001,2026-06-16_20h16.34.728,Teamprojekt,,2025.1.0,86.23841817570244,2026-06-16 20h16.39.256714 +0200,
10,10,0,,,,,,Barrier,0.08,f,0.15814290003618225,None,,,,,,,,,,,,,0,0,0,0,0,10,10,10,60.04043609998189,,,,,,,,,RL,,,,,,,,,,,,,,,,,,,,,60.486499099992216,60.496211499965284,61.28607329999795,61.295884699968155,,,,,,,,,,,,,,,,,,,#377EB8,,,,,,,,,,,,,,,,,,,,,,,,,,,,,,,,,,,,,,,,,,,,,,,60.032458299945574,60.04043609998189,60.04043609998189,60.04043609998189,60.04043609998189,60.04043609998189,60.04043609998189,60.04043609998189,60.24146160000237,60.24146160000237,60.24146160000237,60.24146160000237,60.24146160000237,60.24146160000237,60.24146160000237,60.23060089995852,60.23065909999423,60.24146160000237,60.3192247999832,60.30827609996777,60.31170530000236,60.3192247999832,60.3192247999832,60.3192247999832,60.3192247999832,60.3192247999832,60.3192247999832,60.3192247999832,60.3192247999832,,,,,,,60.486386699951254,f,0.15814290003618225,None,,001,2026-06-16_20h16.34.728,Teamprojekt,,2025.1.0,86.23841817570244,2026-06-16 20h16.39.256714 +0200,
11,11,0,,,,,,Barrier,0.04,f,0.30485070002032444,None,,,,,,,,,,,,,0,0,0,0,0,11,11,9,61.295884699968155,,,,,,,,,RL,,,,,,,,,,,,,,,,,,,,,61.85258019994944,61.86258369998541,62.65271080000093,62.662924899952486,,,,,,,,,,,,,,,,,,,#E41A1C,,,,,,,,,,,,,,,,,,,,,,,,,,,,,,,,,,,,,,,,,,,,,,,61.28962049999973,61.295884699968155,61.295884699968155,61.295884699968155,61.295884699968155,61.295884699968155,61.295884699968155,61.295884699968155,61.4964481999632,61.4964481999632,61.4964481999632,61.4964481999632,61.4964481999632,61.4964481999632,61.4964481999632,61.48613989999285,61.48618989996612,61.4964481999632,61.54133359994739,61.530744199990295,61.53375399997458,61.54133359994739,61.54133359994739,61.54133359994739,61.54133359994739,61.54133359994739,61.54133359994739,61.54133359994739,61.54133359994739,61.74035839998396,61.74035839998396,61.74035839998396,61.74035839998396,61.74035839998396,61.74035839998396,61.85248399997363,f,0.30485070002032444,None,,001,2026-06-16_20h16.34.728,Teamprojekt,,2025.1.0,86.23841817570244,2026-06-16 20h16.39.256714 +0200,
12,12,0,,,,,,Barrier,0.02,f,0.3047933999914676,None,,,,,,,,,,,,,0,0,0,0,0,12,12,8,62.662924899952486,,,,,,,,,RL,,,,,,,,,,,,,,,,,,,,,63.19754299998749,63.20812789996853,63.99631259997841,64.00760849996004,,,,,,,,,,,,,,,,,,,#E41A1C,,,,,,,,,,,,,,,,,,,,,,,,,,,,,,,,,,,,,,,,,,,,,,,62.65596499998355,62.662924899952486,62.662924899952486,62.662924899952486,62.662924899952486,62.662924899952486,62.662924899952486,62.662924899952486,62.862642899970524,62.862642899970524,62.862642899970524,62.862642899970524,62.862642899970524,62.862642899970524,62.862642899970524,62.85170489997836,62.85175309999613,62.862642899970524,62.88550829997985,62.87510049995035,62.87890199996764,62.88550829997985,62.88550829997985,62.88550829997985,62.88550829997985,62.88550829997985,62.88550829997985,62.88550829997985,62.88550829997985,63.08487599994987,63.08487599994987,63.08487599994987,63.08487599994987,63.08487599994987,63.08487599994987,63.19743159995414,f,0.3047933999914676,None,,001,2026-06-16_20h16.34.728,Teamprojekt,,2025.1.0,86.23841817570244,2026-06-16 20h16.39.256714 +0200,
13,13,0,,,,,,Standard,0.04,f,0.3566712000174448,None,,,,,,,,,,,,,0,0,0,0,0,13,13,15,64.00760849996004,,,,,,,,,RL,,,,,,,,,,,,,,,,,,,,,64.60795049997978,64.61798579996685,65.40860679995967,,,,,,,,,,,,,,,,,,,,#F781BF,,,,,,,,,,,,,,,,,,,,,,,,,,,,,,,,,,,,,,,,,,,,,,,63.999099399952684,64.00760849996004,64.00760849996004,64.00760849996004,64.00760849996004,64.00760849996004,64.00760849996004,64.00760849996004,64.20816539996304,64.20816539996304,64.20816539996304,64.20816539996304,64.20816539996304,64.20816539996304,64.20816539996304,64.19628589996137,64.19632059999276,64.20816539996304,64.24366219999501,64.2313113999553,64.23598619998666,64.24366219999501,64.24366219999501,64.24366219999501,64.24366219999501,64.24366219999501,64.24366219999501,64.24366219999501,64.24366219999501,64.44094639999093,64.44094639999093,64.44094639999093,64.44094639999093,64.44094639999093,64.44094639999093,64.60787749994779,f,0.3566712000174448,None,,001,2026-06-16_20h16.34.728,Teamprojekt,,2025.1.0,86.23841817570244,2026-06-16 20h16.39.256714 +0200,
14,14,0,,,,,,Portal,0.04,f,0.34832620003726333,None,,,,,,,,,,,,,0,0,0,0,0,14,14,3,65.41984229994705,,,,,,,,,RL,,,,,,,,,,,,,,,,,,,,,66.01898529997561,66.03004709997913,66.81803599995328,66.82892239995999,,,,,,,,,,,,,,,,,,,#FF7F00,,,,,,,,,,,,,,,,,,,,,,,,,,,,,,,,,,,,,,,,,,,,,,,65.41228209994733,65.41984229994705,65.41984229994705,65.41984229994705,65.41984229994705,65.41984229994705,65.41984229994705,65.41984229994705,65.619126399979,65.619126399979,65.619126399979,65.619126399979,65.619126399979,65.619126399979,65.619126399979,65.6076171999448,65.60765469999751,65.619126399979,65.66229909996036,65.65247729996918,65.65563479997218,65.66229909996036,65.66229909996036,65.66229909996036,65.66229909996036,65.66229909996036,65.66229909996036,65.66229909996036,65.66229909996036,65.86330309999175,65.86330309999175,65.86330309999175,65.86330309999175,65.86330309999175,65.86330309999175,66.01891789998626,f,0.34832620003726333,None,,001,2026-06-16_20h16.34.728,Teamprojekt,,2025.1.0,86.23841817570244,2026-06-16 20h16.39.256714 +0200,
15,15,0,,,,,,Portal,0.01,f,0.27765379997435957,None,,,,,,,,,,,,,0,0,0,0,0,15,15,1,66.82892239995999,,,,,,,,,RL,,,,,,,,,,,,,,,,,,,,,67.33076669997536,67.3400602999609,68.12922909995541,68.13999070000136,,,,,,,,,,,,,,,,,,,#377EB8,,,,,,,,,,,,,,,,,,,,,,,,,,,,,,,,,,,,,,,,,,,,,,,66.821160099993,66.82892239995999,66.82892239995999,66.82892239995999,66.82892239995999,66.82892239995999,66.82892239995999,66.82892239995999,67.02909989998443,67.02909989998443,67.02909989998443,67.02909989998443,67.02909989998443,67.02909989998443,67.02909989998443,67.01915549999103,67.01920339994831,67.02909989998443,67.04037819994846,67.02931649994571,67.03227779996814,67.04037819994846,67.04037819994846,67.04037819994846,67.04037819994846,67.04037819994846,67.04037819994846,67.04037819994846,67.04037819994846,67.2406428999966,67.2406428999966,67.2406428999966,67.2406428999966,67.2406428999966,67.2406428999966,67.33065989997704,f,0.27765379997435957,None,,001,2026-06-16_20h16.34.728,Teamprojekt,,2025.1.0,86.23841817570244,2026-06-16 20h16.39.256714 +0200,
16,16,0,,,,,,Barrier,0.01,,,,,,,,,,,,,,,,,,,,0,16,16,7,68.13999070000136,,,,,,,,,RL,,,,,,,,,,,,,,,,,,,,,,,,,,,,,,,,,,,,,,,,,,,#E41A1C,,,,,,,,,,,,,,,,,,,,,,,,,,,,,,,,,,,,,,,,,,,,,,,68.13221699994756,68.13999070000136,68.13999070000136,68.13999070000136,68.13999070000136,68.13999070000136,68.13999070000136,68.13999070000136,68.34078169998247,68.34078169998247,68.34078169998247,68.34078169998247,68.34078169998247,68.34078169998247,68.34078169998247,68.33038459997624,68.33043509995332,68.34078169998247,68.35109799995553,68.34103249997133,68.34433019999415,68.35109799995553,68.35109799995553,68.35109799995553,68.35109799995553,68.35109799995553,68.35109799995553,68.35109799995553,68.35109799995553,68.55203729995992,68.55203729995992,68.55203729995992,68.55203729995992,68.55203729995992,68.55203729995992,,,,,,,,,,,,,
